파일명,파일크기(Kb),카메라제조사,f수,ISO감도,촬영일자,촬영시각,이미지크기,위도,경도
대구광역시 달성군_사문진나루터_360 VR 이미지데이터_주막촌_1,1115,Canon,11,100,2022-09-29,10:36:00,2160x1080,35.81123333,128.4773861
대구광역시 달성군_사문진나루터_360 VR 이미지데이터_주막촌_2,1633,Canon,11,100,2022-09-29,10:12:00,2160x1080,35.81071945,128.4779972
대구광역시 달성군_사문진나루터_360 VR 이미지데이터_주막촌_3,1640,Canon,11,100,2022-09-29,10:12:00,2160x1080,35.81071945,128.4779972
대구광역시 달성군_사문진나루터_360 VR 이미지데이터_주막촌_4,1645,Canon,11,100,2022-09-29,10:13:00,2160x1080,35.81080555,128.4779195
대구광역시 달성군_사문진나루터_360 VR 이미지데이터_주막촌_5,1778,Canon,11,100,2022-09-29,10:14:00,2160x1080,35.81080555,128.4779195
대구광역시 달성군_사문진나루터_360 VR 이미지데이터_주막촌_6,1911,Canon,11,100,2022-09-29,10:14:00,2160x1080,35.81080555,128.4779195
대구광역시 달성군_사문진나루터_360 VR 이미지데이터_주막촌_7,1777,Canon,11,100,2022-09-29,10:15:00,2160x1080,35.81088333,128.4778611
대구광역시 달성군_사문진나루터_360 VR 이미지데이터_주막촌_8,1585,Canon,11,100,2022-09-29,10:16:00,2160x1080,35.81088333,128.4778611
대구광역시 달성군_사문진나루터_360 VR 이미지데이터_주막촌_9,1651,Canon,11,100,2022-09-29,10:17:00,2160x1080,35.81096388,128.4777972
대구광역시 달성군_사문진나루터_360 VR 이미지데이터_주막촌_10,1639,Canon,11,100,2022-09-29,10:18:00,2160x1080,35.81096388,128.4777972
대구광역시 달성군_사문진나루터_360 VR 이미지데이터_주막촌_11,1705,Canon,11,100,2022-09-29,10:19:00,2160x1080,35.81095555,128.4776778
대구광역시 달성군_사문진나루터_360 VR 이미지데이터_주막촌_12,1561,Canon,11,100,2022-09-29,10:20:00,2160x1080,35.81098055,128.4779056
대구광역시 달성군_사문진나루터_360 VR 이미지데이터_주막촌_13,1565,Canon,11,100,2022-09-29,10:20:00,2160x1080,35.81101945,128.477875
대구광역시 달성군_사문진나루터_360 VR 이미지데이터_주막촌_14,1729,Canon,11,100,2022-09-29,10:21:00,2160x1080,35.81114167,128.4778889
대구광역시 달성군_사문진나루터_360 VR 이미지데이터_주막촌_15,1668,Canon,11,100,2022-09-29,10:22:00,2160x1080,35.81114167,128.4778889
대구광역시 달성군_사문진나루터_360 VR 이미지데이터_주막촌_16,1641,Canon,11,100,2022-09-29,10:23:00,2160x1080,35.81114722,128.4778639
대구광역시 달성군_사문진나루터_360 VR 이미지데이터_주막촌_17,1516,Canon,11,100,2022-09-29,10:23:00,2160x1080,35.81116112,128.4777833
대구광역시 달성군_사문진나루터_360 VR 이미지데이터_주막촌_18,1397,Canon,11,100,2022-09-29,10:25:00,2160x1080,35.81120278,128.4776611
대구광역시 달성군_사문진나루터_360 VR 이미지데이터_주막촌_19,1443,Canon,11,100,2022-09-29,10:25:00,2160x1080,35.81120278,128.4776611
대구광역시 달성군_사문진나루터_360 VR 이미지데이터_주막촌_20,1470,Canon,11,100,2022-09-29,10:26:00,2160x1080,35.81112778,128.4776139
대구광역시 달성군_사문진나루터_360 VR 이미지데이터_주막촌_21,2300,Canon,11,100,2022-09-29,10:28:00,2160x1080,35.81113333,128.4775222
대구광역시 달성군_사문진나루터_360 VR 이미지데이터_주막촌_22,2100,Canon,11,100,2022-09-29,10:29:00,2160x1080,35.81113612,128.4774945
대구광역시 달성군_사문진나루터_360 VR 이미지데이터_주막촌_23,1331,Canon,11,100,2022-09-29,10:31:00,2160x1080,35.81119167,128.4775861
대구광역시 달성군_사문진나루터_360 VR 이미지데이터_주막촌_24,1326,Canon,11,100,2022-09-29,10:32:00,2160x1080,35.81116388,128.477601
대구광역시 달성군_사문진나루터_360 VR 이미지데이터_주막촌_25,1331,Canon,11,100,2022-09-29,10:33:00,2160x1080,35.81116112,128.4775695
대구광역시 달성군_사문진나루터_360 VR 이미지데이터_주막촌_26,1349,Canon,11,100,2022-09-29,10:37:00,2160x1080,35.81118333,128.4772806
대구광역시 달성군_사문진나루터_360 VR 이미지데이터_주막촌_27,1258,Canon,11,100,2022-09-29,10:38:00,2160x1080,35.81118333,128.4772806
대구광역시 달성군_사문진나루터_360 VR 이미지데이터_주막촌_28,1343,Canon,11,100,2022-09-29,10:39:00,2160x1080,35.81118333,128.4772806
대구광역시 달성군_사문진나루터_360 VR 이미지데이터_주막촌_29,1324,Canon,11,100,2022-09-29,10:40:00,2160x1080,35.81123055,128.4773722
대구광역시 달성군_사문진나루터_360 VR 이미지데이터_주막촌_30,1314,Canon,11,100,2022-09-29,10:41:00,2160x1080,35.81123612,128.4774945
대구광역시 달성군_사문진나루터_360 VR 이미지데이터_주막촌_31,1343,Canon,11,100,2022-09-29,10:42:00,2160x1080,35.81123612,128.4774945
대구광역시 달성군_사문진나루터_360 VR 이미지데이터_주막촌_32,1437,Canon,11,100,2022-09-29,10:43:00,2160x1080,35.81131667,128.4775389
대구광역시 달성군_사문진나루터_360 VR 이미지데이터_주막촌_33,1275,Canon,11,100,2022-09-29,10:44:00,2160x1080,35.81140833,128.4775556
대구광역시 달성군_사문진나루터_360 VR 이미지데이터_주막촌_34,1261,Canon,11,100,2022-09-29,10:46:00,2160x1080,35.81140833,128.4775556
대구광역시 달성군_사문진나루터_360 VR 이미지데이터_주막촌_35,1415,Canon,11,100,2022-09-29,10:46:00,2160x1080,35.81146112,128.4776611
대구광역시 달성군_사문진나루터_360 VR 이미지데이터_주막촌_36,1534,Canon,11,100,2022-09-29,10:48:00,2160x1080,35.811551,128.4776917
대구광역시 달성군_사문진나루터_360 VR 이미지데이터_주막촌_37,1437,Canon,11,100,2022-09-29,10:49:00,2160x1080,35.811551,128.4776917
대구광역시 달성군_사문진나루터_360 VR 이미지데이터_주막촌_38,1453,Canon,11,100,2022-09-29,10:50:00,2160x1080,35.81158888,128.4777833
대구광역시 달성군_사문진나루터_360 VR 이미지데이터_주막촌_39,1426,Canon,11,100,2022-09-29,10:51:00,2160x1080,35.81158888,128.4777833
대구광역시 달성군_사문진나루터_360 VR 이미지데이터_주막촌_40,1489,Canon,11,100,2022-09-29,10:52:00,2160x1080,35.81167222,128.4778445
대구광역시 달성군_사문진나루터_360 VR 이미지데이터_주막촌_41,1495,Canon,11,100,2022-09-29,10:52:00,2160x1080,35.81167222,128.4778445
대구광역시 달성군_사문진나루터_360 VR 이미지데이터_주막촌_42,1534,Canon,11,100,2022-09-29,10:53:00,2160x1080,35.81173055,128.4779361
대구광역시 달성군_사문진나루터_360 VR 이미지데이터_주막촌_43,1559,Canon,11,100,2022-09-29,10:53:00,2160x1080,35.81173055,128.4779361
대구광역시 달성군_사문진나루터_360 VR 이미지데이터_주막촌_44,1609,Canon,11,100,2022-09-29,10:54:00,2160x1080,35.81170278,128.4780445
대구광역시 달성군_사문진나루터_360 VR 이미지데이터_주막촌_45,1709,Canon,11,100,2022-09-29,10:55:00,2160x1080,35.81170278,128.4780445
대구광역시 달성군_사문진나루터_360 VR 이미지데이터_주막촌_46,1924,Canon,11,100,2022-09-29,10:57:00,2160x1080,35.81170278,128.4780445
대구광역시 달성군_사문진나루터_360 VR 이미지데이터_주막촌_47,1569,Canon,11,100,2022-09-29,10:59:00,2160x1080,35.81161945,128.4780889
대구광역시 달성군_사문진나루터_360 VR 이미지데이터_주막촌_48,1433,Canon,11,100,2022-09-29,11:00:00,2160x1080,35.81154445,128.4779806
대구광역시 달성군_사문진나루터_360 VR 이미지데이터_주막촌_49,1451,Canon,11,100,2022-09-29,11:01:00,2160x1080,35.81154445,128.4779806
대구광역시 달성군_사문진나루터_360 VR 이미지데이터_주막촌_50,1494,Canon,11,100,2022-09-29,11:02:00,2160x1080,35.81149722,128.4780278
대구광역시 달성군_사문진나루터_360 VR 이미지데이터_주막촌_51,1485,Canon,11,100,2022-09-29,11:03:00,2160x1080,35.81143055,128.4779195
대구광역시 달성군_사문진나루터_360 VR 이미지데이터_주막촌_52,1483,Canon,11,100,2022-09-29,11:05:00,2160x1080,35.81136112,128.4778611
대구광역시 달성군_사문진나루터_360 VR 이미지데이터_주막촌_53,1390,Canon,11,100,2022-09-29,11:06:00,2160x1080,35.81136112,128.4778611
대구광역시 달성군_사문진나루터_360 VR 이미지데이터_주막촌_54,1371,Canon,11,100,2022-09-29,11:07:00,2160x1080,35.81133888,128.4778445
대구광역시 달성군_사문진나루터_360 VR 이미지데이터_주막촌_55,1402,Canon,11,100,2022-09-29,11:09:00,2160x1080,35.81127222,128.4777972
대구광역시 달성군_사문진나루터_360 VR 이미지데이터_주막촌_56,1302,Canon,11,100,2022-09-29,11:11:00,2160x1080,35.81128333,128.4778028
대구광역시 달성군_사문진나루터_360 VR 이미지데이터_주막촌_57,1362,Canon,11,100,2022-09-29,11:12:00,2160x1080,35.81131388,128.4777222
대구광역시 달성군_사문진나루터_360 VR 이미지데이터_주막촌_58,1405,Canon,11,100,2022-09-29,11:13:00,2160x1080,35.81134722,128.4776139
대구광역시 달성군_사문진나루터_360 VR 이미지데이터_주막촌_59,1569,Canon,11,100,2022-09-29,11:14:00,2160x1080,35.81134722,128.4776139
대구광역시 달성군_사문진나루터_360 VR 이미지데이터_주막촌_60,1381,Canon,11,100,2022-09-29,11:17:00,2160x1080,35.81124445,128.4778139
대구광역시 달성군_사문진나루터_360 VR 이미지데이터_주막촌_61,1986,Canon,11,100,2022-09-29,14:30:00,2160x1080,35.81048612,128.4772806
대구광역시 달성군_사문진나루터_360 VR 이미지데이터_주막촌_62,1405,Canon,11,100,2022-09-29,11:20:00,2160x1080,35.81124445,128.4778139
대구광역시 달성군_사문진나루터_360 VR 이미지데이터_주막촌_63,1443,Canon,11,100,2022-09-29,11:22:00,2160x1080,35.81114445,128.4778445
대구광역시 달성군_사문진나루터_360 VR 이미지데이터_주막촌_64,1372,Canon,11,100,2022-09-29,11:23:00,2160x1080,35.81121388,128.4779361
대구광역시 달성군_사문진나루터_360 VR 이미지데이터_주막촌_65,1651,Canon,11,100,2022-09-29,11:24:00,2160x1080,35.81121388,128.4779361
대구광역시 달성군_사문진나루터_360 VR 이미지데이터_주막촌_66,1703,Canon,11,100,2022-09-29,11:25:00,2160x1080,35.81121388,128.4779361
대구광역시 달성군_사문진나루터_360 VR 이미지데이터_주막촌_67,1515,Canon,11,100,2022-09-29,11:27:00,2160x1080,35.81121388,128.4779361
대구광역시 달성군_사문진나루터_360 VR 이미지데이터_주막촌_68,1517,Canon,11,100,2022-09-29,11:28:00,2160x1080,35.81130555,128.4779361
대구광역시 달성군_사문진나루터_360 VR 이미지데이터_주막촌_69,1445,Canon,11,100,2022-09-29,11:29:00,2160x1080,35.81130555,128.4779361
대구광역시 달성군_사문진나루터_360 VR 이미지데이터_주막촌_70,1368,Canon,11,100,2022-09-29,11:30:00,2160x1080,35.81136388,128.4780278
대구광역시 달성군_사문진나루터_360 VR 이미지데이터_주막촌_71,1456,Canon,11,100,2022-09-29,11:31:00,2160x1080,35.81145833,128.4780111
대구광역시 달성군_사문진나루터_360 VR 이미지데이터_주막촌_72,1403,Canon,11,100,2022-09-29,11:32:00,2160x1080,35.81146667,128.4781639
대구광역시 달성군_사문진나루터_360 VR 이미지데이터_주막촌_73,1519,Canon,11,100,2022-09-29,11:34:00,2160x1080,35.81146667,128.4781639
대구광역시 달성군_사문진나루터_360 VR 이미지데이터_주막촌_74,1511,Canon,11,100,2022-09-29,11:35:00,2160x1080,35.81151388,128.4780583
대구광역시 달성군_사문진나루터_360 VR 이미지데이터_주막촌_75,1398,Canon,11,100,2022-09-29,11:36:00,2160x1080,35.81151388,128.4780583
대구광역시 달성군_사문진나루터_360 VR 이미지데이터_주막촌_76,1949,Canon,11,100,2022-09-29,11:37:00,2160x1080,35.81158612,128.4781806
대구광역시 달성군_사문진나루터_360 VR 이미지데이터_주막촌_77,2000,Canon,11,100,2022-09-29,11:38:00,2160x1080,35.81153612,128.4781222
대구광역시 달성군_사문진나루터_360 VR 이미지데이터_주막촌_78,1955,Canon,11,100,2022-09-29,11:39:00,2160x1080,35.81153888,128.4782111
대구광역시 달성군_사문진나루터_360 VR 이미지데이터_주막촌_79,1769,Canon,11,100,2022-09-29,11:40:00,2160x1080,35.81153888,128.4782111
대구광역시 달성군_사문진나루터_360 VR 이미지데이터_주막촌_80,1821,Canon,11,100,2022-09-29,11:42:00,2160x1080,35.811501,128.4782417
대구광역시 달성군_사문진나루터_360 VR 이미지데이터_주막촌_81,1542,Canon,11,100,2022-09-29,11:45:00,2160x1080,35.81135278,128.4780722
대구광역시 달성군_사문진나루터_360 VR 이미지데이터_주막촌_82,1668,Canon,11,100,2022-09-29,11:58:00,2160x1080,35.81135555,128.478151
대구광역시 달성군_사문진나루터_360 VR 이미지데이터_주막촌_83,1939,Canon,11,100,2022-09-29,12:00:00,2160x1080,35.81126945,128.4781195
대구광역시 달성군_사문진나루터_360 VR 이미지데이터_주막촌_84,2100,Canon,11,100,2022-09-29,12:01:00,2160x1080,35.81125555,128.478225
대구광역시 달성군_사문진나루터_360 VR 이미지데이터_주막촌_85,2200,Canon,11,100,2022-09-29,12:02:00,2160x1080,35.81125555,128.478225
대구광역시 달성군_사문진나루터_360 VR 이미지데이터_주막촌_86,1952,Canon,11,100,2022-09-29,12:04:00,2160x1080,35.81132778,128.4783028
대구광역시 달성군_사문진나루터_360 VR 이미지데이터_주막촌_87,1655,Canon,11,100,2022-09-29,12:05:00,2160x1080,35.811375,128.4784083
대구광역시 달성군_사문진나루터_360 VR 이미지데이터_주막촌_88,1830,Canon,11,100,2022-09-29,12:06:00,2160x1080,35.81138888,128.4782861
대구광역시 달성군_사문진나루터_360 VR 이미지데이터_주막촌_89,1796,Canon,11,100,2022-09-29,12:08:00,2160x1080,35.81146945,128.4783472
대구광역시 달성군_사문진나루터_360 VR 이미지데이터_주막촌_90,1651,Canon,11,100,2022-09-29,12:09:00,2160x1080,35.81096388,128.4777972
대구광역시 달성군_사문진나루터_360 VR 이미지데이터_주막촌_91,1543,Canon,11,100,2022-09-29,12:11:00,2160x1080,35.81139445,128.4784083
대구광역시 달성군_사문진나루터_360 VR 이미지데이터_주막촌_92,1542,Canon,11,100,2022-09-29,12:13:00,2160x1080,35.81139445,128.4784083
대구광역시 달성군_사문진나루터_360 VR 이미지데이터_주막촌_93,1544,Canon,11,100,2022-09-29,12:14:00,2160x1080,35.81132222,128.4784861
대구광역시 달성군_사문진나루터_360 VR 이미지데이터_주막촌_94,1634,Canon,11,100,2022-09-29,12:15:00,2160x1080,35.81125278,128.4784083
대구광역시 달성군_사문진나루터_360 VR 이미지데이터_주막촌_95,1613,Canon,11,100,2022-09-29,12:17:00,2160x1080,35.81123612,128.4783945
대구광역시 달성군_사문진나루터_360 VR 이미지데이터_주막촌_96,1660,Canon,11,100,2022-09-29,12:18:00,2160x1080,35.81116945,128.4783028
대구광역시 달성군_사문진나루터_360 VR 이미지데이터_주막촌_97,1684,Canon,11,100,2022-09-29,12:20:00,2160x1080,35.81111945,128.4783472
대구광역시 달성군_사문진나루터_360 VR 이미지데이터_주막촌_98,1993,Canon,11,100,2022-09-29,12:21:00,2160x1080,35.81111945,128.4783472
대구광역시 달성군_사문진나루터_360 VR 이미지데이터_주막촌_99,2200,Canon,11,100,2022-09-29,12:22:00,2160x1080,35.81118333,128.4781806
대구광역시 달성군_사문진나루터_360 VR 이미지데이터_주막촌_100,2000,Canon,11,100,2022-09-29,12:24:00,2160x1080,35.81120555,128.4781639
대구광역시 달성군_사문진나루터_360 VR 이미지데이터_주막촌_101,2100,Canon,11,100,2022-09-29,12:26:00,2160x1080,35.81123055,128.4781639
대구광역시 달성군_사문진나루터_360 VR 이미지데이터_주막촌_102,1920,Canon,11,100,2022-09-29,12:28:00,2160x1080,35.81119167,128.4780583
대구광역시 달성군_사문진나루터_360 VR 이미지데이터_주막촌_103,1808,Canon,11,100,2022-09-29,12:29:00,2160x1080,35.81119167,128.4780583
대구광역시 달성군_사문진나루터_360 VR 이미지데이터_주막촌_104,1905,Canon,11,100,2022-09-29,12:31:00,2160x1080,35.81128055,128.4780889
대구광역시 달성군_사문진나루터_360 VR 이미지데이터_주막촌_105,1772,Canon,11,100,2022-09-29,12:33:00,2160x1080,35.81130555,128.4779667
대구광역시 달성군_사문진나루터_360 VR 이미지데이터_주막촌_106,1725,Canon,11,100,2022-09-29,12:34:00,2160x1080,35.81126112,128.4780583
대구광역시 달성군_사문진나루터_360 VR 이미지데이터_주막촌_107,1655,Canon,11,100,2022-09-29,12:35:00,2160x1080,35.81118055,128.4780111
대구광역시 달성군_사문진나루터_360 VR 이미지데이터_주막촌_108,1669,Canon,11,100,2022-09-29,12:37:00,2160x1080,35.81114167,128.477925
대구광역시 달성군_사문진나루터_360 VR 이미지데이터_주막촌_109,1675,Canon,11,100,2022-09-29,12:39:00,2160x1080,35.811101,128.4779056
대구광역시 달성군_사문진나루터_360 VR 이미지데이터_주막촌_110,1615,Canon,11,100,2022-09-29,12:40:00,2160x1080,35.811101,128.4779056
대구광역시 달성군_사문진나루터_360 VR 이미지데이터_주막촌_111,1709,Canon,11,100,2022-09-29,12:42:00,2160x1080,35.81108888,128.4780111
대구광역시 달성군_사문진나루터_360 VR 이미지데이터_주막촌_112,1810,Canon,11,100,2022-09-29,12:44:00,2160x1080,35.81102222,128.4780639
대구광역시 달성군_사문진나루터_360 VR 이미지데이터_주막촌_113,1884,Canon,11,100,2022-09-29,12:45:00,2160x1080,35.811051,128.478151
대구광역시 달성군_사문진나루터_360 VR 이미지데이터_주막촌_114,2100,Canon,11,100,2022-09-29,12:47:00,2160x1080,35.81116112,128.4781639
대구광역시 달성군_사문진나루터_360 VR 이미지데이터_주막촌_115,1806,Canon,11,100,2022-09-29,12:49:00,2160x1080,35.81114167,128.4780722
대구광역시 달성군_사문진나루터_360 VR 이미지데이터_주막촌_116,1821,Canon,11,100,2022-09-29,12:50:00,2160x1080,35.81114167,128.4780722
대구광역시 달성군_사문진나루터_360 VR 이미지데이터_주막촌_117,1837,Canon,11,100,2022-09-29,12:51:00,2160x1080,35.81106667,128.4781667
대구광역시 달성군_사문진나루터_360 VR 이미지데이터_주막촌_118,1672,Canon,11,100,2022-09-29,12:53:00,2160x1080,35.81099722,128.4781806
대구광역시 달성군_사문진나루터_360 VR 이미지데이터_주막촌_119,1828,Canon,11,100,2022-09-29,12:55:00,2160x1080,35.81103055,128.4782861
대구광역시 달성군_사문진나루터_360 VR 이미지데이터_주막촌_120,1433,Canon,11,100,2022-09-29,13:25:00,2160x1080,35.81028333,128.4782556
대구광역시 달성군_사문진나루터_360 VR 이미지데이터_주막촌_121,1629,Canon,11,100,2022-09-29,13:28:00,2160x1080,35.81025555,128.4780278
대구광역시 달성군_사문진나루터_360 VR 이미지데이터_주막촌_122,1684,Canon,11,100,2022-09-29,13:29:00,2160x1080,35.81034167,128.4780583
대구광역시 달성군_사문진나루터_360 VR 이미지데이터_주막촌_123,1622,Canon,11,100,2022-09-29,13:29:00,2160x1080,35.81042778,128.4780111
대구광역시 달성군_사문진나루터_360 VR 이미지데이터_주막촌_124,1534,Canon,11,100,2022-09-29,13:30:00,2160x1080,35.81046667,128.4779417
대구광역시 달성군_사문진나루터_360 VR 이미지데이터_주막촌_125,1599,Canon,11,100,2022-09-29,13:31:00,2160x1080,35.81047778,128.4779195
대구광역시 달성군_사문진나루터_360 VR 이미지데이터_주막촌_126,1771,Canon,11,100,2022-09-29,13:33:00,2160x1080,35.81052222,128.4779056
대구광역시 달성군_사문진나루터_360 VR 이미지데이터_주막촌_127,1730,Canon,11,100,2022-09-29,13:34:00,2160x1080,35.81061388,128.4778611
대구광역시 달성군_사문진나루터_360 VR 이미지데이터_주막촌_128,1558,Canon,11,100,2022-09-29,13:35:00,2160x1080,35.81061112,128.477875
대구광역시 달성군_사문진나루터_360 VR 이미지데이터_주막촌_129,1511,Canon,11,100,2022-09-29,13:36:00,2160x1080,35.81061112,128.477875
대구광역시 달성군_사문진나루터_360 VR 이미지데이터_주막촌_130,1806,Canon,11,100,2022-09-29,13:37:00,2160x1080,35.81052778,128.4778278
대구광역시 달성군_사문진나루터_360 VR 이미지데이터_주막촌_131,1727,Canon,11,100,2022-09-29,13:38:00,2160x1080,35.81052778,128.4778278
대구광역시 달성군_사문진나루터_360 VR 이미지데이터_주막촌_132,1813,Canon,11,100,2022-09-29,13:38:00,2160x1080,35.81043888,128.4778445
대구광역시 달성군_사문진나루터_360 VR 이미지데이터_주막촌_133,1811,Canon,11,100,2022-09-29,13:40:00,2160x1080,35.81053612,128.4778611
대구광역시 달성군_사문진나루터_360 VR 이미지데이터_주막촌_134,2100,Canon,11,100,2022-09-29,13:41:00,2160x1080,35.81048055,128.4777222
대구광역시 달성군_사문진나루터_360 VR 이미지데이터_주막촌_135,1807,Canon,11,100,2022-09-29,13:45:00,2160x1080,35.81054445,128.4777528
대구광역시 달성군_사문진나루터_360 VR 이미지데이터_주막촌_136,1719,Canon,11,100,2022-09-29,13:46:00,2160x1080,35.81054445,128.4777528
대구광역시 달성군_사문진나루터_360 VR 이미지데이터_주막촌_137,1709,Canon,11,100,2022-09-29,13:47:00,2160x1080,35.81058888,128.477775
대구광역시 달성군_사문진나루터_360 VR 이미지데이터_주막촌_138,1814,Canon,11,100,2022-09-29,13:48:00,2160x1080,35.81062222,128.4778139
대구광역시 달성군_사문진나루터_360 VR 이미지데이터_주막촌_139,2300,Canon,11,100,2022-09-29,13:50:00,2160x1080,35.81011388,128.4778889
대구광역시 달성군_사문진나루터_360 VR 이미지데이터_주막촌_140,2200,Canon,11,100,2022-09-29,14:01:00,2160x1080,35.81023888,128.4778139
대구광역시 달성군_사문진나루터_360 VR 이미지데이터_주막촌_141,2000,Canon,11,100,2022-09-29,14:03:00,2160x1080,35.81026945,128.4777056
대구광역시 달성군_사문진나루터_360 VR 이미지데이터_주막촌_142,1901,Canon,11,100,2022-09-29,14:04:00,2160x1080,35.81034167,128.4777833
대구광역시 달성군_사문진나루터_360 VR 이미지데이터_주막촌_143,2000,Canon,11,100,2022-09-29,14:05:00,2160x1080,35.81034167,128.4777833
대구광역시 달성군_사문진나루터_360 VR 이미지데이터_주막촌_144,2100,Canon,11,100,2022-09-29,14:07:00,2160x1080,35.810425,128.4777528
대구광역시 달성군_사문진나루터_360 VR 이미지데이터_주막촌_145,1784,Canon,11,100,2022-09-29,14:09:00,2160x1080,35.81035555,128.4776778
대구광역시 달성군_사문진나루터_360 VR 이미지데이터_주막촌_146,1935,Canon,11,100,2022-09-29,14:10:00,2160x1080,35.81035555,128.4776778
대구광역시 달성군_사문진나루터_360 VR 이미지데이터_주막촌_147,2000,Canon,11,100,2022-09-29,14:12:00,2160x1080,35.81035555,128.4776778
대구광역시 달성군_사문진나루터_360 VR 이미지데이터_주막촌_148,2200,Canon,11,100,2022-09-29,14:13:00,2160x1080,35.81044722,128.4776778
대구광역시 달성군_사문진나루터_360 VR 이미지데이터_주막촌_149,1989,Canon,11,100,2022-09-29,14:15:00,2160x1080,35.81046667,128.4774945
대구광역시 달성군_사문진나루터_360 VR 이미지데이터_주막촌_150,1997,Canon,11,100,2022-09-29,14:17:00,2160x1080,35.81048333,128.4775056
대구광역시 달성군_사문진나루터_360 VR 이미지데이터_주막촌_151,1592,Canon,11,100,2022-09-29,14:29:00,2160x1080,35.81039722,128.4772472
대구광역시 달성군_사문진나루터_360 VR 이미지데이터_주막촌_152,1408,Canon,11,100,2022-09-29,15:11:00,2160x1080,35.810851,128.476975
대구광역시 달성군_사문진나루터_360 VR 이미지데이터_주막촌_153,1368,Canon,11,100,2022-09-29,15:12:00,2160x1080,35.810875,128.476975
대구광역시 달성군_사문진나루터_360 VR 이미지데이터_주막촌_154,1314,Canon,11,100,2022-09-29,15:13:00,2160x1080,35.81096945,128.4770056
대구광역시 달성군_사문진나루터_360 VR 이미지데이터_주막촌_155,902,Canon,11,100,2022-09-29,15:13:00,2160x1080,35.8109444,128.4768833
대구광역시 달성군_사문진나루터_360 VR 이미지데이터_주막촌_156,1347,Canon,11,100,2022-09-29,15:14:00,2160x1080,35.81094445,128.4768833
대구광역시 달성군_사문진나루터_360 VR 이미지데이터_주막촌_157,1418,Canon,11,100,2022-09-29,15:15:00,2160x1080,35.81094445,128.4768833
대구광역시 달성군_사문진나루터_360 VR 이미지데이터_주막촌_158,1347,Canon,11,100,2022-09-29,15:15:00,2160x1080,35.81100833,128.476975
대구광역시 달성군_사문진나루터_360 VR 이미지데이터_주막촌_159,1255,Canon,11,100,2022-09-29,15:16:00,2160x1080,35.81100833,128.476975
대구광역시 달성군_사문진나루터_360 VR 이미지데이터_주막촌_160,1347,Canon,11,100,2022-09-29,15:17:00,2160x1080,35.81105833,128.4770667
대구광역시 달성군_사문진나루터_360 VR 이미지데이터_주막촌_161,1345,Canon,11,100,2022-09-29,15:18:00,2160x1080,35.81110278,128.4770972
대구광역시 달성군_사문진나루터_360 VR 이미지데이터_주막촌_162,1369,Canon,11,100,2022-09-29,15:19:00,2160x1080,35.81110278,128.4770972
대구광역시 달성군_사문진나루터_360 VR 이미지데이터_주막촌_163,1280,Canon,11,100,2022-09-29,15:20:00,2160x1080,35.81119445,128.4771278
대구광역시 달성군_사문진나루터_360 VR 이미지데이터_주막촌_164,1325,Canon,11,100,2022-09-29,15:22:00,2160x1080,35.81119445,128.4771278
대구광역시 달성군_사문진나루터_360 VR 이미지데이터_주막촌_165,1306,Canon,11,100,2022-09-29,15:22:00,2160x1080,35.81119445,128.4771278
대구광역시 달성군_사문진나루터_360 VR 이미지데이터_주막촌_166,1338,Canon,11,100,2022-09-29,15:23:00,2160x1080,35.81127222,128.4771889
대구광역시 달성군_사문진나루터_360 VR 이미지데이터_주막촌_167,1312,Canon,11,100,2022-09-29,15:24:00,2160x1080,35.81127222,128.4771889
대구광역시 달성군_사문진나루터_360 VR 이미지데이터_주막촌_168,1281,Canon,11,100,2022-09-29,15:24:00,2160x1080,35.81135278,128.4772333
대구광역시 달성군_사문진나루터_360 VR 이미지데이터_주막촌_169,1229,Canon,11,100,2022-09-29,15:25:00,2160x1080,35.81135278,128.4772333
대구광역시 달성군_사문진나루터_360 VR 이미지데이터_주막촌_170,1239,Canon,11,100,2022-09-29,15:25:00,2160x1080,35.81143888,128.4772806
대구광역시 달성군_사문진나루터_360 VR 이미지데이터_주막촌_171,1257,Canon,11,100,2022-09-29,15:26:00,2160x1080,35.81143888,128.4772806
대구광역시 달성군_사문진나루터_360 VR 이미지데이터_주막촌_172,1255,Canon,11,100,2022-09-29,15:27:00,2160x1080,35.81149722,128.4773556
대구광역시 달성군_사문진나루터_360 VR 이미지데이터_주막촌_173,1096,Canon,11,100,2022-09-29,15:28:00,2160x1080,35.81149722,128.4773556
대구광역시 달성군_사문진나루터_360 VR 이미지데이터_주막촌_174,1229,Canon,11,100,2022-09-29,15:30:00,2160x1080,35.81149722,128.4773556
대구광역시 달성군_사문진나루터_360 VR 이미지데이터_주막촌_175,1139,Canon,11,100,2022-09-29,15:31:00,2160x1080,35.81149722,128.4773556
대구광역시 달성군_사문진나루터_360 VR 이미지데이터_주막촌_176,1325,Canon,11,100,2022-09-29,15:32:00,2160x1080,35.81156112,128.4774306
대구광역시 달성군_사문진나루터_360 VR 이미지데이터_주막촌_177,1313,Canon,11,100,2022-09-29,15:33:00,2160x1080,35.81156112,128.4774306
대구광역시 달성군_사문진나루터_360 VR 이미지데이터_주막촌_178,1290,Canon,11,100,2022-09-29,15:34:00,2160x1080,35.81161945,128.4775222
대구광역시 달성군_사문진나루터_360 VR 이미지데이터_주막촌_179,1239,Canon,11,100,2022-09-29,15:36:00,2160x1080,35.81171112,128.4775389
대구광역시 달성군_사문진나루터_360 VR 이미지데이터_주막촌_180,1224,Canon,11,100,2022-09-29,15:39:00,2160x1080,35.81171112,128.4775389
대구광역시 달성군_사문진나루터_360 VR 이미지데이터_주막촌_181,1268,Canon,11,100,2022-09-29,15:45:00,2160x1080,35.81168055,128.4776306
대구광역시 달성군_사문진나루터_360 VR 이미지데이터_주막촌_182,1290,Canon,11,100,2022-09-29,15:42:00,2160x1080,35.81177222,128.4776139
대구광역시 달성군_사문진나루터_360 VR 이미지데이터_주막촌_183,1240,Canon,11,100,2022-09-29,15:41:00,2160x1080,35.81177222,128.4776139
대구광역시 달성군_사문진나루터_360 VR 이미지데이터_주막촌_184,1365,Canon,11,100,2022-09-29,15:43:00,2160x1080,35.81177222,128.4776139
대구광역시 달성군_사문진나루터_360 VR 이미지데이터_주막촌_185,1293,Canon,11,100,2022-09-29,15:48:00,2160x1080,35.81164167,128.4776611
대구광역시 달성군_사문진나루터_360 VR 이미지데이터_주막촌_186,1406,Canon,11,100,2022-09-29,15:47:00,2160x1080,35.81162778,128.4775389
대구광역시 달성군_사문진나루터_360 VR 이미지데이터_주막촌_187,1489,Canon,11,100,2022-09-29,15:50:00,2160x1080,35.81171945,128.4777056
대구광역시 달성군_사문진나루터_360 VR 이미지데이터_주막촌_188,1332,Canon,11,100,2022-09-29,15:53:00,2160x1080,35.81163055,128.4777056
대구광역시 달성군_사문진나루터_360 VR 이미지데이터_주막촌_189,1453,Canon,11,100,2022-09-29,15:51:00,2160x1080,35.81171945,128.4777056
대구광역시 달성군_사문진나루터_360 VR 이미지데이터_주막촌_190,1424,Canon,11,100,2022-09-29,15:54:00,2160x1080,35.81158612,128.4776139
대구광역시 달성군_사문진나루터_360 VR 이미지데이터_주막촌_191,1475,Canon,11,100,2022-09-29,15:55:00,2160x1080,35.81151388,128.4776917
대구광역시 달성군_사문진나루터_360 VR 이미지데이터_주막촌_192,1446,Canon,11,100,2022-09-29,15:57:00,2160x1080,35.811651,128.4778611
대구광역시 달성군_사문진나루터_360 VR 이미지데이터_주막촌_193,2200,Canon,11,100,2022-09-29,16:01:00,2160x1080,35.81058055,128.4776778
대구광역시 달성군_사문진나루터_360 VR 이미지데이터_주막촌_194,1733,Canon,11,100,2022-09-29,16:02:00,2160x1080,35.81058055,128.4776778
대구광역시 달성군_사문진나루터_360 VR 이미지데이터_주막촌_195,1588,Canon,11,100,2022-09-29,16:03:00,2160x1080,35.81074445,128.4776139
대구광역시 달성군_사문진나루터_360 VR 이미지데이터_주막촌_196,1719,Canon,11,100,2022-09-29,16:05:00,2160x1080,35.81074445,128.4776139
대구광역시 달성군_사문진나루터_360 VR 이미지데이터_주막촌_197,1629,Canon,11,100,2022-09-29,16:07:00,2160x1080,35.81074445,128.4776139
대구광역시 달성군_사문진나루터_360 VR 이미지데이터_주막촌_198,1639,Canon,11,100,2022-09-29,16:08:00,2160x1080,35.81074445,128.4776139
대구광역시 달성군_사문진나루터_360 VR 이미지데이터_주막촌_199,1608,Canon,11,100,2022-09-29,16:11:00,2160x1080,35.81060833,128.4779361
대구광역시 달성군_사문진나루터_360 VR 이미지데이터_주막촌_200,1563,Canon,11,100,2022-09-29,16:12:00,2160x1080,35.810701,128.4779195
대구광역시 달성군_사문진나루터_360 VR 이미지데이터_주막촌_201,1640,Canon,11,100,2022-09-29,16:13:00,2160x1080,35.81076667,128.4778556
대구광역시 달성군_사문진나루터_360 VR 이미지데이터_주막촌_202,2100,Canon,11,100,2022-09-29,16:13:00,2160x1080,35.81076112,128.4778278
대구광역시 달성군_사문진나루터_360 VR 이미지데이터_주막촌_203,2100,Canon,11,100,2022-09-29,16:14:00,2160x1080,35.81083333,128.4777528
대구광역시 달성군_사문진나루터_360 VR 이미지데이터_주막촌_204,2200,Canon,11,100,2022-09-29,16:15:00,2160x1080,35.81091388,128.4777056
대구광역시 달성군_사문진나루터_360 VR 이미지데이터_주막촌_205,1983,Canon,11,100,2022-09-29,16:16:00,2160x1080,35.81091388,128.4777056
대구광역시 달성군_사문진나루터_360 VR 이미지데이터_주막촌_206,1655,Canon,11,100,2022-09-29,16:17:00,2160x1080,35.81093888,128.477601
대구광역시 달성군_사문진나루터_360 VR 이미지데이터_주막촌_207,1533,Canon,11,100,2022-09-29,16:19:00,2160x1080,35.81100555,128.4775083
대구광역시 달성군_사문진나루터_360 VR 이미지데이터_주막촌_208,1552,Canon,11,100,2022-09-29,16:19:00,2160x1080,35.81100555,128.4775083
대구광역시 달성군_사문진나루터_360 VR 이미지데이터_주막촌_209,1506,Canon,11,100,2022-09-29,16:20:00,2160x1080,35.81104722,128.4774028
대구광역시 달성군_사문진나루터_360 VR 이미지데이터_주막촌_210,1541,Canon,11,100,2022-09-29,16:21:00,2160x1080,35.81112778,128.4773389
대구광역시 달성군_사문진나루터_360 VR 이미지데이터_주막촌_211,1445,Canon,11,100,2022-09-29,16:22:00,2160x1080,35.81112778,128.4773389
대구광역시 달성군_사문진나루터_360 VR 이미지데이터_주막촌_212,1453,Canon,11,100,2022-09-29,16:24:00,2160x1080,35.81111945,128.4772333
대구광역시 달성군_사문진나루터_360 VR 이미지데이터_주막촌_213,1333,Canon,11,100,2022-09-29,16:25:00,2160x1080,35.81108055,128.4771111
대구광역시 달성군_사문진나루터_360 VR 이미지데이터_주막촌(야간)_1,1955,Canon,11,100,2022-10-13,19:13:00,2160x1080,35.811201,128.4780945
대구광역시 달성군_사문진나루터_360 VR 이미지데이터_주막촌(야간)_2,1254,Canon,11,100,2022-10-13,18:15:00,2160x1080,35.81122778,128.4774167
대구광역시 달성군_사문진나루터_360 VR 이미지데이터_주막촌(야간)_3,1228,Canon,11,100,2022-10-13,18:16:00,2160x1080,35.81127222,128.4774167
대구광역시 달성군_사문진나루터_360 VR 이미지데이터_주막촌(야간)_4,1284,Canon,11,100,2022-10-13,18:18:00,2160x1080,35.81131667,128.4774167
대구광역시 달성군_사문진나루터_360 VR 이미지데이터_주막촌(야간)_5,1224,Canon,11,100,2022-10-13,18:19:00,2160x1080,35.81143333,128.4775306
대구광역시 달성군_사문진나루터_360 VR 이미지데이터_주막촌(야간)_6,1470,Canon,11,100,2022-10-13,18:22:00,2160x1080,35.81153888,128.4776472
대구광역시 달성군_사문진나루터_360 VR 이미지데이터_주막촌(야간)_7,1391,Canon,11,100,2022-10-13,18:26:00,2160x1080,35.81170555,128.4777361
대구광역시 달성군_사문진나루터_360 VR 이미지데이터_주막촌(야간)_8,1371,Canon,11,100,2022-10-13,18:27:00,2160x1080,35.81170278,128.4777917
대구광역시 달성군_사문진나루터_360 VR 이미지데이터_주막촌(야간)_9,1443,Canon,11,100,2022-10-13,18:29:00,2160x1080,35.81176388,128.4779361
대구광역시 달성군_사문진나루터_360 VR 이미지데이터_주막촌(야간)_10,1558,Canon,11,100,2022-10-13,18:30:00,2160x1080,35.81174445,128.4780445
대구광역시 달성군_사문진나루터_360 VR 이미지데이터_주막촌(야간)_11,1453,Canon,11,100,2022-10-13,18:31:00,2160x1080,35.81165278,128.4780445
대구광역시 달성군_사문진나루터_360 VR 이미지데이터_주막촌(야간)_12,1429,Canon,11,100,2022-10-13,18:32:00,2160x1080,35.81156388,128.4779972
대구광역시 달성군_사문진나루터_360 VR 이미지데이터_주막촌(야간)_13,1434,Canon,11,100,2022-10-13,18:33:00,2160x1080,35.81148612,128.4779528
대구광역시 달성군_사문진나루터_360 VR 이미지데이터_주막촌(야간)_14,1411,Canon,11,100,2022-10-13,18:35:00,2160x1080,35.81140555,128.4778889
대구광역시 달성군_사문진나루터_360 VR 이미지데이터_주막촌(야간)_15,1310,Canon,11,100,2022-10-13,18:36:00,2160x1080,35.81133333,128.4778139
대구광역시 달성군_사문진나루터_360 VR 이미지데이터_주막촌(야간)_16,1431,Canon,11,100,2022-10-13,18:39:00,2160x1080,35.81139445,128.4776945
대구광역시 달성군_사문진나루터_360 VR 이미지데이터_주막촌(야간)_17,1659,Canon,11,100,2022-10-13,18:41:00,2160x1080,35.81138333,128.4777306
대구광역시 달성군_사문진나루터_360 VR 이미지데이터_주막촌(야간)_18,1506,Canon,11,100,2022-10-13,18:44:00,2160x1080,35.81155278,128.4780583
대구광역시 달성군_사문진나루터_360 VR 이미지데이터_주막촌(야간)_19,1382,Canon,11,100,2022-10-13,18:45:00,2160x1080,35.81148055,128.4781195
대구광역시 달성군_사문진나루터_360 VR 이미지데이터_주막촌(야간)_20,1280,Canon,11,100,2022-10-13,18:47:00,2160x1080,35.81148055,128.4781195
대구광역시 달성군_사문진나루터_360 VR 이미지데이터_주막촌(야간)_21,1551,Canon,11,100,2022-10-13,18:49:00,2160x1080,35.81138055,128.477925
대구광역시 달성군_사문진나루터_360 VR 이미지데이터_주막촌(야간)_22,1463,Canon,11,100,2022-10-13,18:51:00,2160x1080,35.81130278,128.4779361
대구광역시 달성군_사문진나루터_360 VR 이미지데이터_주막촌(야간)_23,1524,Canon,11,100,2022-10-13,18:53:00,2160x1080,35.81122778,128.4778056
대구광역시 달성군_사문진나루터_360 VR 이미지데이터_주막촌(야간)_24,1559,Canon,11,100,2022-10-13,18:55:00,2160x1080,35.81115278,128.4778139
대구광역시 달성군_사문진나루터_360 VR 이미지데이터_주막촌(야간)_25,1569,Canon,11,100,2022-10-13,18:59:00,2160x1080,35.81098612,128.4778278
대구광역시 달성군_사문진나루터_360 VR 이미지데이터_주막촌(야간)_26,1562,Canon,11,100,2022-10-13,19:02:00,2160x1080,35.81101667,128.4777222
대구광역시 달성군_사문진나루터_360 VR 이미지데이터_주막촌(야간)_27,1885,Canon,11,100,2022-10-13,19:05:00,2160x1080,35.81086667,128.4778611
대구광역시 달성군_사문진나루터_360 VR 이미지데이터_주막촌(야간)_28,1343,Canon,11,100,2022-10-13,19:07:00,2160x1080,35.81079167,128.4779361
대구광역시 달성군_사문진나루터_360 VR 이미지데이터_주막촌(야간)_29,1821,Canon,11,100,2022-10-13,19:10:00,2160x1080,35.81093888,128.4779806
대구광역시 달성군_사문진나루터_360 VR 이미지데이터_주막촌(야간)_30,1969,Canon,11,100,2022-10-13,19:11:00,2160x1080,35.81103612,128.4780611
대구광역시 달성군_사문진나루터_360 VR 이미지데이터_주막촌(야간)_31,1836,Canon,11,100,2022-10-13,19:16:00,2160x1080,35.81141945,128.4780889
대구광역시 달성군_사문진나루터_360 VR 이미지데이터_주막촌(야간)_32,1885,Canon,11,100,2022-10-13,19:21:00,2160x1080,35.81127222,128.4780111
대구광역시 달성군_사문진나루터_360 VR 이미지데이터_주막촌(야간)_33,1828,Canon,11,100,2022-10-13,19:22:00,2160x1080,35.81127222,128.4780111
대구광역시 달성군_사문진나루터_360 VR 이미지데이터_주막촌(야간)_34,1782,Canon,11,100,2022-10-13,19:24:00,2160x1080,35.81118333,128.4779806
대구광역시 달성군_사문진나루터_360 VR 이미지데이터_주막촌(야간)_35,1483,Canon,11,100,2022-10-13,19:27:00,2160x1080,35.81053888,128.477325
대구광역시 달성군_사문진나루터_360 VR 이미지데이터_주막촌(야간)_36,2300,Canon,11,100,2022-10-13,19:28:00,2160x1080,35.81053888,128.477325
대구광역시 달성군_사문진나루터_360 VR 이미지데이터_주막촌(야간)_37,2300,Canon,11,100,2022-10-13,19:30:00,2160x1080,35.81053888,128.477325
대구광역시 달성군_사문진나루터_360 VR 이미지데이터_주막촌(야간)_38,1923,Canon,11,100,2022-10-13,19:31:00,2160x1080,35.81053888,128.477325
대구광역시 달성군_사문진나루터_360 VR 이미지데이터_주막촌(야간)_39,1385,Canon,11,100,2022-10-13,19:32:00,2160x1080,35.810601,128.4774028
대구광역시 달성군_사문진나루터_360 VR 이미지데이터_주막촌(야간)_40,1451,Canon,11,100,2022-10-13,19:38:00,2160x1080,35.81073888,128.4778611
대구광역시 달성군_사문진나루터_360 VR 이미지데이터_주막촌(야간)_41,2300,Canon,11,100,2022-10-13,19:39:00,2160x1080,35.81073888,128.4778611
대구광역시 달성군_사문진나루터_360 VR 이미지데이터_주막촌(야간)_42,1574,Canon,11,100,2022-10-13,19:43:00,2160x1080,35.81028612,128.4783472
대구광역시 달성군_사문진나루터_360 VR 이미지데이터_주막촌(야간)_43,1556,Canon,11,100,2022-10-13,19:47:00,2160x1080,35.81062778,128.477975
대구광역시 달성군_사문진나루터_360 VR 이미지데이터_주막촌(야간)_44,1650,Canon,11,100,2022-10-13,18:18:00,2160x1080,35.81094417,128.4775578
대구광역시 달성군_사문진나루터_360 VR 이미지데이터_주막촌(야간)_45,2000,Canon,11,100,2022-10-13,18:19:00,2160x1080,35.8109425,128.4775658
대구광역시 달성군_사문진나루터_360 VR 이미지데이터_주막촌(야간)_46,2100,Canon,11,100,2022-10-13,18:20:00,2160x1080,35.810935,128.4776153
대구광역시 달성군_사문진나루터_360 VR 이미지데이터_주막촌(야간)_47,2200,Canon,11,100,2022-10-13,18:21:00,2160x1080,35.81089139,128.4776461
대구광역시 달성군_사문진나루터_360 VR 이미지데이터_주막촌(야간)_48,2200,Canon,11,100,2022-10-13,18:53:00,2160x1080,35.81074944,128.4778094
대구광역시 달성군_사문진나루터_360 VR 이미지데이터_주막촌(야간)_49,2100,Canon,11,100,2022-10-13,18:54:00,2160x1080,35.81075944,128.4778283
대구광역시 달성군_사문진나루터_360 VR 이미지데이터_주막촌(야간)_50,1661,Canon,11,100,2022-10-13,18:58:00,2160x1080,35.81075667,128.4778244
대구광역시 달성군_사문진나루터_360 VR 이미지데이터_주막촌(야간)_51,1623,Canon,11,100,2022-10-13,19:00:00,2160x1080,35.81075333,128.4778283
대구광역시 달성군_사문진나루터_360 VR 이미지데이터_주막촌(야간)_52,1504,Canon,11,100,2022-10-13,19:01:00,2160x1080,35.81073722,128.4778444
대구광역시 달성군_사문진나루터_360 VR 이미지데이터_주막촌(야간)_53,1638,Canon,11,100,2022-10-13,19:04:00,2160x1080,35.81061917,128.4778936
대구광역시 달성군_사문진나루터_360 VR 이미지데이터_주막촌(야간)_54,1492,Canon,11,100,2022-10-13,19:05:00,2160x1080,35.81062583,128.477891
대구광역시 달성군_사문진나루터_360 VR 이미지데이터_주막촌(야간)_55,1696,Canon,11,100,2022-10-13,19:08:00,2160x1080,35.81061167,128.477861
대구광역시 달성군_사문진나루터_360 VR 이미지데이터_주막촌(야간)_56,1758,Canon,11,100,2022-10-13,19:10:00,2160x1080,35.81048167,128.4777908
대구광역시 달성군_사문진나루터_360 VR 이미지데이터_주막촌(야간)_57,1696,Canon,11,100,2022-10-13,19:14:00,2160x1080,35.81053,128.4777833
대구광역시 달성군_사문진나루터_360 VR 이미지데이터_주막촌(야간)_58,1706,Canon,11,100,2022-10-13,19:15:00,2160x1080,35.8105125,128.4778058
대구광역시 달성군_사문진나루터_360 VR 이미지데이터_주막촌(야간)_59,1901,Canon,11,800,2022-10-13,19:16:00,2160x1080,35.81051611,128.4778328
대구광역시 달성군_사문진나루터_360 VR 이미지데이터_주막촌(야간)_60,1870,Canon,11,800,2022-10-13,19:17:00,2160x1080,35.81048417,128.477861
대구광역시 달성군_사문진나루터_360 VR 이미지데이터_주막촌(야간)_61,2000,Canon,11,800,2022-10-13,19:21:00,2160x1080,35.81045833,128.4777831
대구광역시 달성군_사문진나루터_360 VR 이미지데이터_주막촌(야간)_62,1994,Canon,11,800,2022-10-13,19:23:00,2160x1080,35.81040194,128.477741
대구광역시 달성군_사문진나루터_360 VR 이미지데이터_주막촌(야간)_63,1948,Canon,11,800,2022-10-13,19:27:00,2160x1080,35.81042944,128.4777247
대구광역시 달성군_사문진나루터_360 VR 이미지데이터_주막촌(야간)_64,1877,Canon,11,800,2022-10-13,19:38:00,2160x1080,35.810541,128.4775117
대구광역시 달성군_사문진나루터_360 VR 이미지데이터_주막촌(야간)_65,1859,Canon,11,800,2022-10-13,19:40:00,2160x1080,35.81050389,128.4774933
대구광역시 달성군_사문진나루터_360 VR 이미지데이터_주막촌(야간)_66,1612,Canon,11,800,2022-10-13,19:42:00,2160x1080,35.81070444,128.4776306
대구광역시 달성군_사문진나루터_360 VR 이미지데이터_주막촌(야간)_67,1538,Canon,11,640,2022-10-13,19:47:00,2160x1080,35.81103778,128.4771308
대구광역시 달성군_사문진나루터_360 VR 이미지데이터_주막촌(야간)_68,1192,Canon,11,100,2022-10-13,19:49:00,2160x1080,35.81059917,128.4770161
대구광역시 달성군_사문진나루터_360 VR 이미지데이터_주막촌(야간)_69,1250,Canon,11,100,2022-10-13,19:50:00,2160x1080,35.81056056,128.4771344
대구광역시 달성군_사문진나루터_360 VR 이미지데이터_주막촌 주변_1,1510,Canon,11,100,2022-10-13,14:29:00,2160x1080,35.810601,128.4771889
대구광역시 달성군_사문진나루터_360 VR 이미지데이터_주막촌 주변_2,1460,Canon,11,100,2022-10-13,14:30:00,2160x1080,35.810601,128.4771889
대구광역시 달성군_사문진나루터_360 VR 이미지데이터_주막촌 주변_3,1505,Canon,11,100,2022-10-13,14:31:00,2160x1080,35.81069445,128.4771583
대구광역시 달성군_사문진나루터_360 VR 이미지데이터_주막촌 주변_4,1340,Canon,11,100,2022-10-13,14:32:00,2160x1080,35.810775,128.4771583
대구광역시 달성군_사문진나루터_360 VR 이미지데이터_주막촌 주변_5,1310,Canon,11,100,2022-10-13,14:32:00,2160x1080,35.81073333,128.4771889
대구광역시 달성군_사문진나루터_360 VR 이미지데이터_주막촌 주변_6,1448,Canon,11,100,2022-10-13,14:33:00,2160x1080,35.81073333,128.4771889
대구광역시 달성군_사문진나루터_360 VR 이미지데이터_주막촌 주변_7,1482,Canon,11,100,2022-10-13,14:34:00,2160x1080,35.81081945,128.4771583
대구광역시 달성군_사문진나루터_360 VR 이미지데이터_주막촌 주변_8,1504,Canon,11,100,2022-10-13,14:35:00,2160x1080,35.81083888,128.4771667
대구광역시 달성군_사문진나루터_360 VR 이미지데이터_주막촌 주변_9,1517,Canon,11,100,2022-10-13,14:36:00,2160x1080,35.81090278,128.4771889
대구광역시 달성군_사문진나루터_360 VR 이미지데이터_주막촌 주변_10,1496,Canon,11,100,2022-10-13,14:36:00,2160x1080,35.81096388,128.4772806
대구광역시 달성군_사문진나루터_360 VR 이미지데이터_주막촌 주변_11,1506,Canon,11,100,2022-10-13,14:37:00,2160x1080,35.81096388,128.4772806
대구광역시 달성군_사문진나루터_360 VR 이미지데이터_주막촌 주변_12,1502,Canon,11,100,2022-10-13,14:38:00,2160x1080,35.81092778,128.4774639
대구광역시 달성군_사문진나루터_360 VR 이미지데이터_주막촌 주변_13,1512,Canon,11,100,2022-10-13,14:39:00,2160x1080,35.81092778,128.4774639
대구광역시 달성군_사문진나루터_360 VR 이미지데이터_주막촌 주변_14,1497,Canon,11,100,2022-10-13,14:43:00,2160x1080,35.81070555,128.4768222
대구광역시 달성군_사문진나루터_360 VR 이미지데이터_주막촌 주변_15,1309,Canon,11,100,2022-10-13,14:45:00,2160x1080,35.81075278,128.4768139
대구광역시 달성군_사문진나루터_360 VR 이미지데이터_주막촌 주변_16,1400,Canon,11,100,2022-10-13,14:45:00,2160x1080,35.81079445,128.4770056
대구광역시 달성군_사문진나루터_360 VR 이미지데이터_주막촌 주변_17,1520,Canon,11,100,2022-10-13,14:46:00,2160x1080,35.81084167,128.4770195
대구광역시 달성군_사문진나루터_360 VR 이미지데이터_주막촌 주변_18,1537,Canon,11,100,2022-10-13,14:48:00,2160x1080,35.81094722,128.4771278
대구광역시 달성군_사문진나루터_360 VR 이미지데이터_주막촌 주변_19,1525,Canon,11,100,2022-10-13,14:49:00,2160x1080,35.81102778,128.4771889
대구광역시 달성군_사문진나루터_360 VR 이미지데이터_주막촌 주변_20,1475,Canon,11,100,2022-10-13,14:50:00,2160x1080,35.81110278,128.4772472
대구광역시 달성군_사문진나루터_360 VR 이미지데이터_피크닉장_1,2700,Canon,11,100,2022-10-13,16:03:00,2160x1080,35.808851,128.4766083
대구광역시 달성군_사문진나루터_360 VR 이미지데이터_피크닉장_2,2500,Canon,11,100,2022-10-13,16:04:00,2160x1080,35.80911112,128.4766861
대구광역시 달성군_사문진나루터_360 VR 이미지데이터_피크닉장_3,2600,Canon,11,100,2022-10-13,16:04:00,2160x1080,35.80901945,128.4765972
대구광역시 달성군_사문진나루터_360 VR 이미지데이터_피크닉장_4,2700,Canon,11,100,2022-10-13,16:05:00,2160x1080,35.80903333,128.476601
대구광역시 달성군_사문진나루터_360 VR 이미지데이터_피크닉장_5,2300,Canon,11,100,2022-10-13,16:06:00,2160x1080,35.80901945,128.4764917
대구광역시 달성군_사문진나루터_360 VR 이미지데이터_피크닉장_6,2600,Canon,11,100,2022-10-13,16:07:00,2160x1080,35.80953333,128.4769333
대구광역시 달성군_사문진나루터_360 VR 이미지데이터_피크닉장_7,2400,Canon,11,100,2022-10-13,16:18:00,2160x1080,35.80950555,128.4769056
대구광역시 달성군_사문진나루터_360 VR 이미지데이터_피크닉장_8,2600,Canon,11,100,2022-10-13,16:08:00,2160x1080,35.80958055,128.4769445
대구광역시 달성군_사문진나루터_360 VR 이미지데이터_피크닉장_9,2500,Canon,11,100,2022-10-13,16:09:00,2160x1080,35.80972222,128.4770083
대구광역시 달성군_사문진나루터_360 VR 이미지데이터_피크닉장_10,2400,Canon,11,100,2022-10-13,16:10:00,2160x1080,35.80981388,128.4770778
대구광역시 달성군_사문진나루터_360 VR 이미지데이터_피크닉장_11,2500,Canon,11,100,2022-10-13,16:11:00,2160x1080,35.809851,128.4771278
대구광역시 달성군_사문진나루터_360 VR 이미지데이터_피크닉장_12,2600,Canon,11,100,2022-10-13,16:11:00,2160x1080,35.80891388,128.4766445
대구광역시 달성군_사문진나루터_360 VR 이미지데이터_피크닉장_13,2800,Canon,11,100,2022-10-13,16:12:00,2160x1080,35.80988333,128.4771501
대구광역시 달성군_사문진나루터_360 VR 이미지데이터_피크닉장_14,2400,Canon,11,100,2022-10-13,16:21:00,2160x1080,35.81000833,128.4772583
대구광역시 달성군_사문진나루터_360 VR 이미지데이터_피크닉장_15,2500,Canon,11,100,2022-10-13,16:22:00,2160x1080,35.81012222,128.4773583
대구광역시 달성군_사문진나루터_360 VR 이미지데이터_피크닉장_16,2500,Canon,11,100,2022-10-13,16:23:00,2160x1080,35.81004445,128.4772333
대구광역시 달성군_사문진나루터_360 VR 이미지데이터_피크닉장_17,2200,Canon,11,100,2022-10-13,16:24:00,2160x1080,35.80975833,128.4773389
대구광역시 달성군_사문진나루터_360 VR 이미지데이터_피크닉장_18,1654,Canon,11,100,2022-10-13,16:26:00,2160x1080,35.80970555,128.4773472
대구광역시 달성군_사문진나루터_360 VR 이미지데이터_피크닉장_19,1634,Canon,11,100,2022-10-13,16:27:00,2160x1080,35.80955555,128.4775778
대구광역시 달성군_사문진나루터_360 VR 이미지데이터_피크닉장_20,1518,Canon,11,100,2022-10-13,16:28:00,2160x1080,35.80958888,128.4770278
대구광역시 달성군_사문진나루터_360 VR 이미지데이터_피크닉장_21,1613,Canon,11,100,2022-10-13,16:29:00,2160x1080,35.80949167,128.4772139
대구광역시 달성군_사문진나루터_360 VR 이미지데이터_피크닉장_22,1620,Canon,11,100,2022-10-13,16:30:00,2160x1080,35.80886945,128.4762222
대구광역시 달성군_사문진나루터_360 VR 이미지데이터_피크닉장_23,1586,Canon,11,100,2022-10-13,16:32:00,2160x1080,35.80898612,128.4767306
대구광역시 달성군_사문진나루터_360 VR 이미지데이터_피크닉장_24,2300,Canon,11,100,2022-10-13,16:33:00,2160x1080,35.808875,128.4763333
대구광역시 달성군_사문진나루터_360 VR 이미지데이터_피크닉장_25,2100,Canon,11,100,2022-10-13,16:34:00,2160x1080,35.80882222,128.4763472
대구광역시 달성군_사문진나루터_360 VR 이미지데이터_피크닉장_26,2000,Canon,11,100,2022-10-13,16:35:00,2160x1080,35.80881112,128.4763611
대구광역시 달성군_사문진나루터_360 VR 이미지데이터_피크닉장_27,2600,Canon,11,100,2022-10-13,16:37:00,2160x1080,35.80881945,128.4763917
대구광역시 달성군_사문진나루터_360 VR 이미지데이터_피크닉장_28,2400,Canon,11,100,2022-10-13,16:38:00,2160x1080,35.80880833,128.4765139
대구광역시 달성군_사문진나루터_360 VR 이미지데이터_피크닉장_29,2600,Canon,11,100,2022-10-13,15:58:00,2160x1080,35.80903333,128.4769667
대구광역시 달성군_사문진나루터_360 VR 이미지데이터_피크닉장_30,2500,Canon,11,100,2022-10-13,15:59:00,2160x1080,35.80905833,128.4770778
대구광역시 달성군_사문진나루터_360 VR 이미지데이터_피크닉장_31,2700,Canon,11,100,2022-10-13,16:00:00,2160x1080,35.80913612,128.4769361
대구광역시 달성군_사문진나루터_360 VR 이미지데이터_피크닉장_32,2600,Canon,11,100,2022-10-13,16:01:00,2160x1080,35.80923333,128.4767389
대구광역시 달성군_사문진나루터_360 VR 이미지데이터_피크닉장_33,2900,Canon,11,100,2022-10-13,16:02:00,2160x1080,35.80928888,128.4766417
대구광역시 달성군_사문진나루터_360 VR 이미지데이터_피크닉장_34,2800,Canon,11,100,2022-10-13,16:02:00,2160x1080,35.80920278,128.4766445
대구광역시 달성군_사문진나루터_ VR 이미지데이터_화원누리길_1,1492,Canon,11,100,2022-10-13,15:18:00,2160x1080,35.81649722,128.4852306
대구광역시 달성군_사문진나루터_ VR 이미지데이터_화원누리길_2,1359,Canon,11,100,2022-10-13,15:19:00,2160x1080,35.81646388,128.4851056
대구광역시 달성군_사문진나루터_ VR 이미지데이터_화원누리길_3,1413,Canon,11,100,2022-10-13,15:20:00,2160x1080,35.81643612,128.485001
대구광역시 달성군_사문진나루터_ VR 이미지데이터_화원누리길_4,1349,Canon,11,100,2022-10-13,15:21:00,2160x1080,35.81644445,128.4848333
대구광역시 달성군_사문진나루터_ VR 이미지데이터_화원누리길_5,1212,Canon,11,100,2022-10-13,15:22:00,2160x1080,35.81641112,128.4847333
대구광역시 달성군_사문진나루터_ VR 이미지데이터_화원누리길_6,1300,Canon,11,100,2022-10-13,15:23:00,2160x1080,35.81638333,128.4845139
대구광역시 달성군_사문진나루터_ VR 이미지데이터_화원누리길_7,1297,Canon,11,100,2022-10-13,15:24:00,2160x1080,35.81636667,128.4844056
대구광역시 달성군_사문진나루터_ VR 이미지데이터_화원누리길_8,1334,Canon,11,100,2022-10-13,15:25:00,2160x1080,35.81631388,128.4842528
대구광역시 달성군_사문진나루터_ VR 이미지데이터_화원누리길_9,1317,Canon,11,100,2022-10-13,15:26:00,2160x1080,35.81624722,128.4840556
대구광역시 달성군_사문진나루터_ VR 이미지데이터_화원누리길_10,1349,Canon,11,100,2022-10-13,15:27:00,2160x1080,35.81618888,128.4839472
대구광역시 달성군_사문진나루터_ VR 이미지데이터_화원누리길_11,1333,Canon,11,100,2022-10-13,15:28:00,2160x1080,35.81613888,128.4837333
대구광역시 달성군_사문진나루터_ VR 이미지데이터_화원누리길_12,1346,Canon,11,100,2022-10-13,15:29:00,2160x1080,35.81608612,128.4836445
대구광역시 달성군_사문진나루터_ VR 이미지데이터_화원누리길_13,1343,Canon,11,100,2022-10-13,15:30:00,2160x1080,35.816025,128.4835528
대구광역시 달성군_사문진나루터_ VR 이미지데이터_화원누리길_14,1357,Canon,11,100,2022-10-13,15:31:00,2160x1080,35.81594445,128.4834139
대구광역시 달성군_사문진나루터_ VR 이미지데이터_화원누리길_15,1363,Canon,11,100,2022-10-13,15:32:00,2160x1080,35.81586945,128.4833111
대구광역시 달성군_사문진나루터_ VR 이미지데이터_화원누리길_16,1374,Canon,11,100,2022-10-13,15:33:00,2160x1080,35.81581388,128.4831861
대구광역시 달성군_사문진나루터_ VR 이미지데이터_화원누리길_17,1349,Canon,11,100,2022-10-13,15:33:00,2160x1080,35.81572222,128.4830389
대구광역시 달성군_사문진나루터_ VR 이미지데이터_화원누리길_18,1340,Canon,11,100,2022-10-13,15:34:00,2160x1080,35.815625,128.482925
대구광역시 달성군_사문진나루터_ VR 이미지데이터_화원누리길_19,1375,Canon,11,100,2022-10-13,15:35:00,2160x1080,35.81560278,128.4828195
대구광역시 달성군_사문진나루터_ VR 이미지데이터_화원누리길_20,1304,Canon,11,100,2022-10-13,15:36:00,2160x1080,35.81546112,128.4826972
대구광역시 달성군_사문진나루터_ VR 이미지데이터_화원누리길_21,1374,Canon,11,100,2022-10-13,15:37:00,2160x1080,35.81541112,128.4825528
대구광역시 달성군_사문진나루터_ VR 이미지데이터_화원누리길_22,1341,Canon,11,100,2022-10-13,15:39:00,2160x1080,35.81531112,128.4823139
대구광역시 달성군_사문진나루터_ VR 이미지데이터_화원누리길_23,1321,Canon,11,100,2022-10-13,15:40:00,2160x1080,35.81526667,128.4823306
대구광역시 달성군_사문진나루터_ VR 이미지데이터_화원누리길_24,1313,Canon,11,100,2022-10-13,15:41:00,2160x1080,35.81519722,128.4822222
대구광역시 달성군_사문진나루터_ VR 이미지데이터_화원누리길_25,1289,Canon,11,100,2022-10-13,15:42:00,2160x1080,35.815125,128.4820472
대구광역시 달성군_사문진나루터_ VR 이미지데이터_화원누리길_26,1300,Canon,11,100,2022-10-13,15:43:00,2160x1080,35.81509445,128.4819806
대구광역시 달성군_사문진나루터_ VR 이미지데이터_화원누리길_27,1303,Canon,11,100,2022-10-13,15:43:00,2160x1080,35.81499445,128.4817806
대구광역시 달성군_사문진나루터_ VR 이미지데이터_화원누리길_28,1353,Canon,11,100,2022-10-13,15:45:00,2160x1080,35.81497222,128.481675
대구광역시 달성군_사문진나루터_ VR 이미지데이터_화원누리길_29,1343,Canon,11,100,2022-10-13,15:46:00,2160x1080,35.81480278,128.4813861
대구광역시 달성군_사문진나루터_ VR 이미지데이터_화원누리길_30,1320,Canon,11,100,2022-10-13,15:47:00,2160x1080,35.81477222,128.4812611
대구광역시 달성군_사문진나루터_ VR 이미지데이터_화원누리길_31,1344,Canon,11,100,2022-10-13,15:48:00,2160x1080,35.81464722,128.4811111
대구광역시 달성군_사문진나루터_ VR 이미지데이터_화원누리길_32,1348,Canon,11,100,2022-10-13,15:49:00,2160x1080,35.81452222,128.4809833
대구광역시 달성군_사문진나루터_ VR 이미지데이터_화원누리길_33,1342,Canon,11,100,2022-10-13,15:50:00,2160x1080,35.81445555,128.4808639
대구광역시 달성군_사문진나루터_ VR 이미지데이터_화원누리길_34,1396,Canon,11,100,2022-10-13,15:50:00,2160x1080,35.814401,128.4807722
대구광역시 달성군_사문진나루터_ VR 이미지데이터_화원누리길_35,1357,Canon,11,100,2022-10-13,15:51:00,2160x1080,35.81429445,128.4806667
대구광역시 달성군_사문진나루터_ VR 이미지데이터_화원누리길_36,1360,Canon,11,100,2022-10-13,15:52:00,2160x1080,35.81418333,128.4805222
대구광역시 달성군_사문진나루터_ VR 이미지데이터_화원누리길_37,1344,Canon,11,100,2022-10-13,15:54:00,2160x1080,35.81410555,128.4804083
대구광역시 달성군_사문진나루터_ VR 이미지데이터_화원누리길_38,1400,Canon,11,100,2022-10-13,15:55:00,2160x1080,35.81403055,128.4803056
대구광역시 달성군_사문진나루터_ VR 이미지데이터_화원누리길_39,1389,Canon,11,100,2022-10-13,15:56:00,2160x1080,35.81393888,128.4801639
대구광역시 달성군_사문진나루터_ VR 이미지데이터_화원누리길_40,1383,Canon,11,100,2022-10-13,15:57:00,2160x1080,35.81380555,128.4800722
대구광역시 달성군_사문진나루터_ VR 이미지데이터_화원누리길_41,1380,Canon,11,100,2022-10-13,16:01:00,2160x1080,35.81366388,128.4799056
대구광역시 달성군_사문진나루터_ VR 이미지데이터_화원누리길_42,1365,Canon,11,100,2022-10-13,16:01:00,2160x1080,35.81358612,128.4798445
대구광역시 달성군_사문진나루터_ VR 이미지데이터_화원누리길_43,1348,Canon,11,100,2022-10-13,16:02:00,2160x1080,35.81352778,128.4797528
대구광역시 달성군_사문진나루터_ VR 이미지데이터_화원누리길_44,1321,Canon,11,100,2022-10-13,16:03:00,2160x1080,35.81344722,128.4796222
대구광역시 달성군_사문진나루터_ VR 이미지데이터_화원누리길_45,1312,Canon,11,100,2022-10-13,16:04:00,2160x1080,35.81339167,128.4795306
대구광역시 달성군_사문진나루터_ VR 이미지데이터_화원누리길_46,1317,Canon,11,100,2022-10-13,16:05:00,2160x1080,35.813301,128.4794472
대구광역시 달성군_사문진나루터_ VR 이미지데이터_화원누리길_47,1465,Canon,11,100,2022-10-13,16:06:00,2160x1080,35.81326667,128.4792861
대구광역시 달성군_사문진나루터_ VR 이미지데이터_화원누리길_48,1287,Canon,11,100,2022-10-13,16:08:00,2160x1080,35.81309722,128.4790195
대구광역시 달성군_사문진나루터_ VR 이미지데이터_화원누리길_49,1298,Canon,11,100,2022-10-13,16:09:00,2160x1080,35.81303888,128.4789278
대구광역시 달성군_사문진나루터_ VR 이미지데이터_화원누리길_50,1310,Canon,11,100,2022-10-13,16:10:00,2160x1080,35.81289445,128.4787889
대구광역시 달성군_사문진나루터_ VR 이미지데이터_화원누리길_51,1308,Canon,11,100,2022-10-13,16:13:00,2160x1080,35.81279445,128.4786528
대구광역시 달성군_사문진나루터_ VR 이미지데이터_화원누리길_52,1313,Canon,11,100,2022-10-13,16:14:00,2160x1080,35.81271112,128.4785917
대구광역시 달성군_사문진나루터_ VR 이미지데이터_화원누리길_53,1302,Canon,11,100,2022-10-13,16:15:00,2160x1080,35.81264445,128.4785139
대구광역시 달성군_사문진나루터_ VR 이미지데이터_화원누리길_54,1150,Canon,11,100,2022-10-13,16:16:00,2160x1080,35.81250833,128.4784056
대구광역시 달성군_사문진나루터_ VR 이미지데이터_화원누리길_55,1300,Canon,11,100,2022-10-13,16:18:00,2160x1080,35.81239722,128.4783556
대구광역시 달성군_사문진나루터_ VR 이미지데이터_화원누리길_56,1198,Canon,11,100,2022-10-13,16:19:00,2160x1080,35.81236667,128.4782556
대구광역시 달성군_사문진나루터_ VR 이미지데이터_화원누리길_57,1224,Canon,11,100,2022-10-13,16:20:00,2160x1080,35.81223055,128.4781222
대구광역시 달성군_사문진나루터_ VR 이미지데이터_화원누리길_58,1237,Canon,11,100,2022-10-13,16:21:00,2160x1080,35.81214722,128.4780111
대구광역시 달성군_사문진나루터_ VR 이미지데이터_화원누리길_59,1174,Canon,11,100,2022-10-13,16:22:00,2160x1080,35.81208055,128.4779195
대구광역시 달성군_사문진나루터_ VR 이미지데이터_화원누리길_60,1206,Canon,11,100,2022-10-13,16:22:00,2160x1080,35.81199445,128.4777833
대구광역시 달성군_사문진나루터_ VR 이미지데이터_화원누리길_61,1274,Canon,11,100,2022-10-13,16:27:00,2160x1080,35.811775,128.4776611
대구광역시 달성군_사문진나루터_ VR 이미지데이터_화원누리길_62,1174,Canon,11,100,2022-10-13,16:22:00,2160x1080,35.81208055,128.4779195
대구광역시 달성군_사문진나루터_ VR 이미지데이터_화원누리길_63,1206,Canon,11,100,2022-10-13,16:22:00,2160x1080,35.81199445,128.4777833
대구광역시 달성군_사문진나루터_ VR 이미지데이터_화원누리길_64,1274,Canon,11,100,2022-10-13,16:27:00,2160x1080,35.811775,128.4776611
대구광역시 달성군_사문진나루터_360 VR 이미지데이터_광장_1,1435,Canon,11,400,2022-10-13,14:26:00,2160x1080,35.81041388,128.4764389
대구광역시 달성군_사문진나루터_360 VR 이미지데이터_광장_2,1356,Canon,11,400,2022-10-13,14:27:00,2160x1080,35.81042222,128.4764028
대구광역시 달성군_사문진나루터_360 VR 이미지데이터_광장_3,1364,Canon,11,400,2022-10-13,14:28:00,2160x1080,35.81043055,128.4764167
대구광역시 달성군_사문진나루터_360 VR 이미지데이터_광장_4,1655,Canon,11,400,2022-10-13,14:29:00,2160x1080,35.81031388,128.4762583
대구광역시 달성군_사문진나루터_360 VR 이미지데이터_광장_5,1440,Canon,11,400,2022-10-13,14:29:00,2160x1080,35.81024445,128.4761972
대구광역시 달성군_사문진나루터_360 VR 이미지데이터_광장_6,1464,Canon,11,400,2022-10-13,14:30:00,2160x1080,35.81016112,128.4760806
대구광역시 달성군_사문진나루터_360 VR 이미지데이터_광장_7,1504,Canon,11,400,2022-10-13,14:31:00,2160x1080,35.81004722,128.4760083
대구광역시 달성군_사문진나루터_360 VR 이미지데이터_광장_8,1450,Canon,11,400,2022-10-13,14:32:00,2160x1080,35.80991112,128.4758695
대구광역시 달성군_사문진나루터_360 VR 이미지데이터_광장_9,1466,Canon,11,400,2022-10-13,14:33:00,2160x1080,35.80987778,128.4758111
대구광역시 달성군_사문진나루터_360 VR 이미지데이터_광장_10,1481,Canon,11,400,2022-10-13,14:33:00,2160x1080,35.80983612,128.4757333
대구광역시 달성군_사문진나루터_360 VR 이미지데이터_광장_11,1480,Canon,11,400,2022-10-13,14:34:00,2160x1080,35.809601,128.4753556
대구광역시 달성군_사문진나루터_360 VR 이미지데이터_광장_12,1451,Canon,11,400,2022-10-13,14:35:00,2160x1080,35.80956667,128.4753695
대구광역시 달성군_사문진나루터_360 VR 이미지데이터_광장_13,1427,Canon,11,400,2022-10-13,14:35:00,2160x1080,35.80940278,128.475251
대구광역시 달성군_사문진나루터_360 VR 이미지데이터_광장_14,1413,Canon,11,400,2022-10-13,14:36:00,2160x1080,35.80941667,128.4752111
대구광역시 달성군_사문진나루터_360 VR 이미지데이터_광장_15,1423,Canon,11,400,2022-10-13,14:37:00,2160x1080,35.80941667,128.4751639
대구광역시 달성군_사문진나루터_360 VR 이미지데이터_광장_16,1399,Canon,11,400,2022-10-13,14:38:00,2160x1080,35.80937778,128.4749556
대구광역시 달성군_사문진나루터_360 VR 이미지데이터_광장_17,1423,Canon,11,400,2022-10-13,14:43:00,2160x1080,35.80921945,128.4747917
대구광역시 달성군_사문진나루터_360 VR 이미지데이터_광장_18,1407,Canon,11,400,2022-10-13,14:44:00,2160x1080,35.80918333,128.4748222
대구광역시 달성군_사문진나루터_360 VR 이미지데이터_광장_19,1398,Canon,11,400,2022-10-13,14:44:00,2160x1080,35.809101,128.4746889
대구광역시 달성군_사문진나루터_360 VR 이미지데이터_광장_20,1391,Canon,11,400,2022-10-13,14:45:00,2160x1080,35.80905555,128.4746056
대구광역시 달성군_사문진나루터_360 VR 이미지데이터_광장_21,1388,Canon,11,400,2022-10-13,14:46:00,2160x1080,35.80901112,128.4745333
대구광역시 달성군_사문진나루터_360 VR 이미지데이터_광장_22,1398,Canon,11,400,2022-10-13,14:47:00,2160x1080,35.80886112,128.4743722
대구광역시 달성군_사문진나루터_360 VR 이미지데이터_광장_23,1423,Canon,11,400,2022-10-13,14:47:00,2160x1080,35.80875278,128.4742361
대구광역시 달성군_사문진나루터_360 VR 이미지데이터_광장_24,1435,Canon,11,400,2022-10-13,14:48:00,2160x1080,35.80923333,128.4749222
대구광역시 달성군_사문진나루터_360 VR 이미지데이터_광장_25,1414,Canon,11,400,2022-10-13,14:49:00,2160x1080,35.80872222,128.4740028
대구광역시 달성군_사문진나루터_360 VR 이미지데이터_광장_26,1501,Canon,11,400,2022-10-13,14:50:00,2160x1080,35.808701,128.4739833
대구광역시 달성군_사문진나루터_360 VR 이미지데이터_광장_27,1594,Canon,11,400,2022-10-13,14:51:00,2160x1080,35.80866388,128.4739945
대구광역시 달성군_사문진나루터_360 VR 이미지데이터_광장_28,1604,Canon,11,400,2022-10-13,14:51:00,2160x1080,35.808501,128.4740195
대구광역시 달성군_사문진나루터_360 VR 이미지데이터_광장_29,1672,Canon,11,400,2022-10-13,14:52:00,2160x1080,35.80836667,128.4741778
대구광역시 달성군_사문진나루터_360 VR 이미지데이터_광장_30,1829,Canon,11,400,2022-10-13,14:53:00,2160x1080,35.80835555,128.474251
대구광역시 달성군_사문진나루터_360 VR 이미지데이터_광장_31,1920,Canon,11,400,2022-10-13,14:53:00,2160x1080,35.80826945,128.474375
대구광역시 달성군_사문진나루터_360 VR 이미지데이터_광장_32,2200,Canon,11,400,2022-10-13,14:54:00,2160x1080,35.808151,128.4745361
대구광역시 달성군_사문진나루터_360 VR 이미지데이터_광장_33,1795,Canon,11,400,2022-10-13,14:55:00,2160x1080,35.808051,128.4746472
대구광역시 달성군_사문진나루터_360 VR 이미지데이터_광장_34,2100,Canon,11,400,2022-10-13,14:56:00,2160x1080,35.80802778,128.4746945
대구광역시 달성군_사문진나루터_360 VR 이미지데이터_광장_35,2100,Canon,11,400,2022-10-13,14:56:00,2160x1080,35.80804167,128.4747611
대구광역시 달성군_사문진나루터_360 VR 이미지데이터_광장_36,2200,Canon,11,400,2022-10-13,14:57:00,2160x1080,35.80807778,128.4749833
대구광역시 달성군_사문진나루터_360 VR 이미지데이터_광장_37,2200,Canon,11,400,2022-10-13,14:58:00,2160x1080,35.80808612,128.4750583
대구광역시 달성군_사문진나루터_360 VR 이미지데이터_광장_38,2300,Canon,11,400,2022-10-13,14:59:00,2160x1080,35.80819722,128.4752361
대구광역시 달성군_사문진나루터_360 VR 이미지데이터_광장_39,2400,Canon,11,400,2022-10-13,15:00:00,2160x1080,35.808275,128.4753306
대구광역시 달성군_사문진나루터_360 VR 이미지데이터_광장_40,2200,Canon,11,400,2022-10-13,15:01:00,2160x1080,35.80836945,128.475425
대구광역시 달성군_사문진나루터_360 VR 이미지데이터_광장_41,1960,Canon,11,400,2022-10-13,15:02:00,2160x1080,35.80841667,128.4754778
대구광역시 달성군_사문진나루터_360 VR 이미지데이터_광장_42,2000,Canon,11,100,2022-10-13,15:03:00,2160x1080,35.80843888,128.4755278
대구광역시 달성군_사문진나루터_360 VR 이미지데이터_광장_43,1676,Canon,11,100,2022-10-13,15:04:00,2160x1080,35.80862222,128.4757333
대구광역시 달성군_사문진나루터_360 VR 이미지데이터_광장_44,2300,Canon,11,100,2022-10-13,15:05:00,2160x1080,35.80858055,128.4757389
대구광역시 달성군_사문진나루터_360 VR 이미지데이터_광장_45,2000,Canon,11,100,2022-10-13,15:05:00,2160x1080,35.80861945,128.4758889
대구광역시 달성군_사문진나루터_360 VR 이미지데이터_광장_46,1634,Canon,11,100,2022-10-13,15:06:00,2160x1080,35.80870833,128.4759972
대구광역시 달성군_사문진나루터_360 VR 이미지데이터_광장_47,1804,Canon,11,100,2022-10-13,15:07:00,2160x1080,35.80891388,128.4762111
대구광역시 달성군_사문진나루터_360 VR 이미지데이터_광장_48,2000,Canon,11,100,2022-10-13,15:08:00,2160x1080,35.80904167,128.4762917
대구광역시 달성군_사문진나루터_360 VR 이미지데이터_광장_49,1916,Canon,11,100,2022-10-13,15:09:00,2160x1080,35.80909722,128.4763917
대구광역시 달성군_사문진나루터_360 VR 이미지데이터_광장_50,1894,Canon,11,100,2022-10-13,15:10:00,2160x1080,35.809251,128.4763472
대구광역시 달성군_사문진나루터_360 VR 이미지데이터_광장_51,1977,Canon,11,100,2022-10-13,15:11:00,2160x1080,35.80928333,128.4763639
대구광역시 달성군_사문진나루터_360 VR 이미지데이터_광장_52,1913,Canon,11,100,2022-10-13,15:12:00,2160x1080,35.80950555,128.4767139
대구광역시 달성군_사문진나루터_360 VR 이미지데이터_광장_53,2000,Canon,11,100,2022-10-13,15:13:00,2160x1080,35.80968333,128.4768139
대구광역시 달성군_사문진나루터_360 VR 이미지데이터_광장_54,1935,Canon,11,100,2022-10-13,15:14:00,2160x1080,35.80969445,128.4767806
대구광역시 달성군_사문진나루터_360 VR 이미지데이터_광장_55,1657,Canon,11,100,2022-10-13,15:16:00,2160x1080,35.80996945,128.4768445
대구광역시 달성군_사문진나루터_360 VR 이미지데이터_광장_56,1484,Canon,11,100,2022-10-13,15:16:00,2160x1080,35.81003612,128.4768722
대구광역시 달성군_사문진나루터_360 VR 이미지데이터_광장_57,1379,Canon,11,100,2022-10-13,15:17:00,2160x1080,35.81034167,128.4768111
대구광역시 달성군_사문진나루터_360 VR 이미지데이터_광장_58,1450,Canon,11,100,2022-10-13,15:18:00,2160x1080,35.81030833,128.4767583
대구광역시 달성군_사문진나루터_360 VR 이미지데이터_광장_59,1414,Canon,11,100,2022-10-13,15:19:00,2160x1080,35.81031112,128.4767111
대구광역시 달성군_사문진나루터_360 VR 이미지데이터_광장_60,1366,Canon,11,100,2022-10-13,15:20:00,2160x1080,35.81029722,128.4766861
대구광역시 달성군_사문진나루터_360 VR 이미지데이터_광장_61,921,Canon,11,100,2022-10-13,15:21:00,2160x1080,35.81027778,128.4765639
대구광역시 달성군_사문진나루터_360 VR 이미지데이터_광장_62,906,Canon,11,100,2022-10-13,15:22:00,2160x1080,35.81025833,128.4765417
대구광역시 달성군_사문진나루터_360 VR 이미지데이터_광장_63,933,Canon,11,100,2022-10-13,15:22:00,2160x1080,35.81022222,128.476475
대구광역시 달성군_사문진나루터_360 VR 이미지데이터_광장_64,960,Canon,11,100,2022-10-13,15:23:00,2160x1080,35.81013333,128.4765139
대구광역시 달성군_사문진나루터_360 VR 이미지데이터_광장_65,1382,Canon,11,100,2022-10-13,15:25:00,2160x1080,35.80914722,128.4756472
대구광역시 달성군_사문진나루터_360 VR 이미지데이터_광장_66,1334,Canon,11,100,2022-10-13,15:26:00,2160x1080,35.80918612,128.4756195
대구광역시 달성군_사문진나루터_360 VR 이미지데이터_광장_67,1305,Canon,11,100,2022-10-13,15:27:00,2160x1080,35.80918888,128.4755556
대구광역시 달성군_사문진나루터_360 VR 이미지데이터_광장_68,1354,Canon,11,100,2022-10-13,15:27:00,2160x1080,35.80912222,128.4754778
대구광역시 달성군_사문진나루터_360 VR 이미지데이터_광장_69,1319,Canon,11,100,2022-10-13,15:28:00,2160x1080,35.80905833,128.4754083
대구광역시 달성군_사문진나루터_360 VR 이미지데이터_광장_70,1287,Canon,11,100,2022-10-13,15:29:00,2160x1080,35.80901388,128.475351
대구광역시 달성군_사문진나루터_360 VR 이미지데이터_광장_71,1338,Canon,11,100,2022-10-13,15:29:00,2160x1080,35.80893888,128.475301
대구광역시 달성군_사문진나루터_360 VR 이미지데이터_광장_72,1366,Canon,11,100,2022-10-13,15:30:00,2160x1080,35.80879722,128.4753806
대구광역시 달성군_사문진나루터_360 VR 이미지데이터_광장_73,1333,Canon,11,100,2022-10-13,15:31:00,2160x1080,35.80868888,128.4753917
대구광역시 달성군_사문진나루터_360 VR 이미지데이터_광장_74,1308,Canon,11,100,2022-10-13,15:32:00,2160x1080,35.80876333,128.4754483
대구광역시 달성군_사문진나루터_360 VR 이미지데이터_광장_75,1366,Canon,11,100,2022-10-13,15:33:00,2160x1080,35.80874167,128.4754917
대구광역시 달성군_사문진나루터_360 VR 이미지데이터_광장_76,1378,Canon,11,100,2022-10-13,15:34:00,2160x1080,35.808975,128.4751278
대구광역시 달성군_사문진나루터_360 VR 이미지데이터_광장_77,1354,Canon,11,100,2022-10-13,15:35:00,2160x1080,35.80905833,128.4751083
대구광역시 달성군_사문진나루터_360 VR 이미지데이터_광장_78,1388,Canon,11,100,2022-10-13,15:35:00,2160x1080,35.80911667,128.4750861
대구광역시 달성군_사문진나루터_360 VR 이미지데이터_광장_79,1396,Canon,11,100,2022-10-13,15:36:00,2160x1080,35.80914167,128.4750556
대구광역시 달성군_사문진나루터_360 VR 이미지데이터_광장_80,1310,Canon,11,100,2022-10-13,15:37:00,2160x1080,35.808851,128.4752361
대구광역시 달성군_사문진나루터_360 VR 이미지데이터_광장_81,1310,Canon,11,100,2022-10-13,15:38:00,2160x1080,35.80887778,128.475175
대구광역시 달성군_사문진나루터_360 VR 이미지데이터_광장_82,1340,Canon,11,100,2022-10-13,15:38:00,2160x1080,35.80886667,128.4751472
대구광역시 달성군_사문진나루터_360 VR 이미지데이터_광장_83,1304,Canon,11,100,2022-10-13,15:39:00,2160x1080,35.80885278,128.4751139
대구광역시 달성군_사문진나루터_360 VR 이미지데이터_광장_84,1240,Canon,11,100,2022-10-13,15:39:00,2160x1080,35.80881112,128.4750583
대구광역시 달성군_사문진나루터_360 VR 이미지데이터_광장_85,1113,Canon,11,100,2022-10-13,15:40:00,2160x1080,35.808775,128.4749222
대구광역시 달성군_사문진나루터_360 VR 이미지데이터_광장_86,1304,Canon,11,100,2022-10-13,15:41:00,2160x1080,35.80858612,128.4750778
대구광역시 달성군_사문진나루터_360 VR 이미지데이터_광장_87,1343,Canon,11,100,2022-10-13,15:41:00,2160x1080,35.80853333,128.4751389
대구광역시 달성군_사문진나루터_360 VR 이미지데이터_광장_88,1369,Canon,11,100,2022-10-13,15:42:00,2160x1080,35.80845833,128.4751889
대구광역시 달성군_사문진나루터_360 VR 이미지데이터_광장_89,1423,Canon,11,100,2022-10-13,15:42:00,2160x1080,35.808451,128.4752056
대구광역시 달성군_사문진나루터_360 VR 이미지데이터_광장_90,1476,Canon,11,100,2022-10-13,15:43:00,2160x1080,35.80843888,128.4752195
대구광역시 달성군_사문진나루터_360 VR 이미지데이터_광장_91,1351,Canon,11,100,2022-10-13,15:44:00,2160x1080,35.80880278,128.4748167
대구광역시 달성군_사문진나루터_360 VR 이미지데이터_광장_92,1370,Canon,11,100,2022-10-13,15:45:00,2160x1080,35.80882778,128.4748111
대구광역시 달성군_사문진나루터_360 VR 이미지데이터_광장_93,1384,Canon,11,100,2022-10-13,15:45:00,2160x1080,35.80882222,128.4747833
대구광역시 달성군_사문진나루터_360 VR 이미지데이터_광장_94,1358,Canon,11,100,2022-10-13,15:46:00,2160x1080,35.80885555,128.4747417
대구광역시 달성군_사문진나루터_360 VR 이미지데이터_광장_95,1429,Canon,11,100,2022-10-13,15:46:00,2160x1080,35.80901112,128.4746056
대구광역시 달성군_사문진나루터_360 VR 이미지데이터_광장_96,1064,Canon,11,100,2022-10-13,15:48:00,2160x1080,35.80995278,128.4762083
대구광역시 달성군_사문진나루터_360 VR 이미지데이터_광장_97,1073,Canon,11,100,2022-10-13,15:48:00,2160x1080,35.80868333,128.4748889
대구광역시 달성군_사문진나루터_360 VR 이미지데이터_광장_98,1078,Canon,11,100,2022-10-13,15:49:00,2160x1080,35.80863612,128.4748167
대구광역시 달성군_사문진나루터_360 VR 이미지데이터_광장_99,1339,Canon,11,100,2022-10-13,15:49:00,2160x1080,35.80863612,128.4747472
대구광역시 달성군_사문진나루터_360 VR 이미지데이터_광장_100,1280,Canon,11,100,2022-10-13,15:50:00,2160x1080,35.80847222,128.4746028
대구광역시 달성군_사문진나루터_360 VR 이미지데이터_광장_101,1248,Canon,11,100,2022-10-13,15:51:00,2160x1080,35.80841667,128.4746028
대구광역시 달성군_사문진나루터_360 VR 이미지데이터_광장_102,1242,Canon,11,100,2022-10-13,15:52:00,2160x1080,35.80838612,128.4745556
대구광역시 달성군_사문진나루터_360 VR 이미지데이터_광장_103,1296,Canon,11,100,2022-10-13,15:53:00,2160x1080,35.80837778,128.4745583
대구광역시 달성군_사문진나루터_360 VR 이미지데이터_광장_104,1220,Canon,11,100,2022-10-13,15:55:00,2160x1080,35.80837778,128.4745333
